[{
  "id": 1,
  "name": "Fallen",
  "address": "67 Troy Point",
  "country": "Czech Republic"
}, {
  "id": 2,
  "name": "Resistance",
  "address": "23 Amoth Pass",
  "country": "Poland"
}, {
  "id": 3,
  "name": "Kolya (Kolja)",
  "address": "45 Schiller Terrace",
  "country": "Russia"
}, {
  "id": 4,
  "name": "Wuthering Heights",
  "address": "0844 Melrose Avenue",
  "country": "Poland"
}, {
  "id": 5,
  "name": "Bella",
  "address": "1100 Rusk Parkway",
  "country": "Russia"
}, {
  "id": 6,
  "name": "Dhobi Ghat",
  "address": "1769 1st Place",
  "country": "Sweden"
}, {
  "id": 7,
  "name": "New Jean-Claude, The (Le nouveau Jean-Claude)",
  "address": "06474 Donald Drive",
  "country": "Portugal"
}, {
  "id": 8,
  "name": "Disappearance of Eleanor Rigby: Them, The",
  "address": "545 Melrose Drive",
  "country": "Philippines"
}, {
  "id": 9,
  "name": "Rumble in the Air-Conditioned Auditorium: O'Reilly vs. Stewart 2012, The",
  "address": "87353 Anhalt Drive",
  "country": "Thailand"
}, {
  "id": 10,
  "name": "No Way Back",
  "address": "97518 Riverside Circle",
  "country": "Ukraine"
}, {
  "id": 11,
  "name": "Mickey One",
  "address": "611 Cherokee Road",
  "country": "China"
}, {
  "id": 12,
  "name": "Why We Fight",
  "address": "21 Lukken Alley",
  "country": "Philippines"
}, {
  "id": 13,
  "name": "Rope",
  "address": "3836 Westerfield Court",
  "country": "Indonesia"
}, {
  "id": 14,
  "name": "Uninvited, The",
  "address": "14 Pond Plaza",
  "country": "Russia"
}, {
  "id": 15,
  "name": "If I Were You (Se Eu Fosse Você)",
  "address": "88 Arkansas Parkway",
  "country": "Philippines"
}, {
  "id": 16,
  "name": "Hitchcock",
  "address": "3 High Crossing Park",
  "country": "China"
}, {
  "id": 17,
  "name": "Beloved (Les bien-aimées)",
  "address": "40809 Pearson Junction",
  "country": "France"
}, {
  "id": 18,
  "name": "Tommy Boy",
  "address": "59 Division Drive",
  "country": "Spain"
}, {
  "id": 19,
  "name": "Terminator Salvation",
  "address": "44874 Toban Terrace",
  "country": "China"
}, {
  "id": 20,
  "name": "Caótica Ana",
  "address": "50 Arrowood Road",
  "country": "Brazil"
}, {
  "id": 21,
  "name": "The Care Bears Adventure in Wonderland",
  "address": "1663 Rieder Alley",
  "country": "France"
}, {
  "id": 22,
  "name": "Thirty Seconds Over Tokyo",
  "address": "269 Forest Run Trail",
  "country": "Mexico"
}, {
  "id": 23,
  "name": "Twin Sitters",
  "address": "9 Melrose Junction",
  "country": "Mozambique"
}, {
  "id": 24,
  "name": "Husbands and Wives",
  "address": "599 Bowman Way",
  "country": "Angola"
}, {
  "id": 25,
  "name": "Barfly",
  "address": "128 Briar Crest Place",
  "country": "China"
}, {
  "id": 26,
  "name": "Odds, The",
  "address": "042 Veith Park",
  "country": "United States"
}, {
  "id": 27,
  "name": "Thomas Crown Affair, The",
  "address": "47519 Prairieview Point",
  "country": "Syria"
}, {
  "id": 28,
  "name": "Lucrèce Borgia",
  "address": "0087 Hansons Parkway",
  "country": "China"
}, {
  "id": 29,
  "name": "King and the Clown, The (Wang-ui namja)",
  "address": "6 Autumn Leaf Circle",
  "country": "Colombia"
}, {
  "id": 30,
  "name": "Love Trap, The",
  "address": "661 East Trail",
  "country": "Iran"
}, {
  "id": 31,
  "name": "Monster Club, The",
  "address": "49981 Kipling Way",
  "country": "China"
}, {
  "id": 32,
  "name": "London to Brighton",
  "address": "72043 Dryden Road",
  "country": "China"
}, {
  "id": 33,
  "name": "Bionicle: Mask of Light (Bionicle: Mask of Light - The Movie)",
  "address": "6 Macpherson Way",
  "country": "Costa Rica"
}, {
  "id": 34,
  "name": "Rivers and Tides",
  "address": "93531 Scott Avenue",
  "country": "Indonesia"
}, {
  "id": 35,
  "name": "Ingmar Bergman on Life and Work (Ingmar Bergman: Om liv och arbete)",
  "address": "733 Kinsman Way",
  "country": "Indonesia"
}, {
  "id": 36,
  "name": "Santa's Apprentice",
  "address": "563 Thackeray Point",
  "country": "Albania"
}, {
  "id": 37,
  "name": "Youth in Revolt",
  "address": "35086 Anzinger Parkway",
  "country": "United States"
}, {
  "id": 38,
  "name": "Touch of Zen, A (Xia nu)",
  "address": "19599 Meadow Valley Center",
  "country": "China"
}, {
  "id": 39,
  "name": "Neighbor, The",
  "address": "5479 Debs Way",
  "country": "China"
}, {
  "id": 40,
  "name": "Night Catches Us",
  "address": "0099 Grayhawk Park",
  "country": "United States"
}, {
  "id": 41,
  "name": "Under the Bridges (Unter den Brücken)",
  "address": "287 Hayes Way",
  "country": "China"
}, {
  "id": 42,
  "name": "Danton",
  "address": "44455 Grayhawk Drive",
  "country": "China"
}, {
  "id": 43,
  "name": "Wonderful World",
  "address": "5 Portage Court",
  "country": "Russia"
}, {
  "id": 44,
  "name": "Banshee Chapter, The",
  "address": "0498 Jay Terrace",
  "country": "Philippines"
}, {
  "id": 45,
  "name": "Joan of Arc",
  "address": "90426 Montana Place",
  "country": "Russia"
}, {
  "id": 46,
  "name": "Double Life of Veronique, The (Double Vie de Véronique, La)",
  "address": "1 Ronald Regan Road",
  "country": "Yemen"
}, {
  "id": 47,
  "name": "Into the Abyss",
  "address": "09 Beilfuss Court",
  "country": "Philippines"
}, {
  "id": 48,
  "name": "Occurrence at Owl Creek Bridge, An (La rivière du hibou)",
  "address": "10 Vera Drive",
  "country": "Kazakhstan"
}, {
  "id": 49,
  "name": "Season for Miracles, A",
  "address": "21822 Waubesa Court",
  "country": "Indonesia"
}, {
  "id": 50,
  "name": "How I Unleashed World War II (Jak rozpetalem II wojne swiatowa)",
  "address": "2526 Mitchell Avenue",
  "country": "Norway"
}]